operator_id,total_calls,avg_waiting_time,missed_calls,outgoing_calls,high_waiting,high_missed_calls,low_outgoing_calls,inefficient_operator
879896.0,930,104.91452991452991,251.0,872.0,False,True,False,True
879898.0,7312,459.69026548672565,2360.0,7209.0,True,True,False,True
880020.0,45,14.0,22.0,38.0,False,False,False,False
880022.0,197,53.97142857142857,105.0,189.0,False,False,False,False
880026.0,2232,121.97802197802197,648.0,2208.0,False,True,False,True
880028.0,2560,210.17821782178217,993.0,2497.0,True,True,False,True
880240.0,47,47.333333333333336,17.0,47.0,False,False,False,False
881278.0,20,9.75,17.0,20.0,False,False,False,False
882476.0,3,31.666666666666668,0.0,0.0,False,False,True,True
882478.0,4,27.666666666666668,1.0,1.0,False,False,True,True
882680.0,99,37.0,3.0,0.0,False,False,True,True
882684.0,1274,128.4805194805195,220.0,661.0,False,True,False,True
882686.0,3650,288.76339285714283,953.0,2884.0,True,True,False,True
882688.0,58,157.11111111111111,15.0,43.0,False,False,False,False
882690.0,1588,581.7619047619048,468.0,1417.0,True,True,False,True
883018.0,2,15.0,2.0,2.0,False,False,False,False
883898.0,1,10.0,0.0,1.0,False,False,True,True
883940.0,638,302.02777777777777,208.0,632.0,True,True,False,True
883942.0,2107,189.50335570469798,523.0,2030.0,True,True,False,True
884294.0,1,6.0,0.0,0.0,False,False,True,True
884402.0,4,24.333333333333332,1.0,4.0,False,False,False,False
884406.0,3,35.5,2.0,3.0,False,False,False,False
884408.0,60,61.44,24.0,25.0,False,False,False,False
884412.0,766,137.7079646017699,325.0,748.0,False,True,False,True
884478.0,2292,427.4235294117647,1155.0,2270.0,True,True,False,True
884524.0,2,9.5,0.0,0.0,False,False,True,True
884946.0,1859,480.7439024390244,704.0,1847.0,True,True,False,True
885682.0,3,17.0,3.0,3.0,False,False,False,False
885876.0,59429,4838.459363957597,23330.0,58437.0,True,True,False,True
885890.0,60221,5703.565217391304,23807.0,58977.0,True,True,False,True
886146.0,50,64.82352941176471,19.0,49.0,False,False,False,False
886674.0,11,18.666666666666668,0.0,0.0,False,False,True,True
886892.0,2,58.0,0.0,0.0,False,False,True,True
887276.0,1327,94.79026217228464,268.0,896.0,False,True,False,True
887278.0,308,35.62626262626262,38.0,256.0,False,False,False,False
887280.0,8,3.3333333333333335,6.0,8.0,False,False,False,False
887282.0,2355,303.11607142857144,673.0,2327.0,True,True,False,True
887416.0,18,27.363636363636363,0.0,0.0,False,False,True,True
887802.0,137,29.344827586206897,47.0,121.0,False,False,False,False
887992.0,47,113.33333333333333,23.0,47.0,False,False,False,False
888406.0,15,25.23076923076923,6.0,6.0,False,False,False,False
888520.0,6,18.8,0.0,0.0,False,False,True,True
888532.0,200,24.788235294117648,49.0,188.0,False,False,False,False
888534.0,376,36.850746268656714,162.0,315.0,False,True,False,True
888536.0,54,19.483870967741936,14.0,52.0,False,False,False,False
888538.0,6,16.833333333333332,2.0,5.0,False,False,False,False
888540.0,17,16.0,5.0,14.0,False,False,False,False
888868.0,72,49.25806451612903,22.0,52.0,False,False,False,False
889410.0,1454,85.24793388429752,253.0,1015.0,False,True,False,True
889638.0,4,19.333333333333332,0.0,0.0,False,False,True,True
889640.0,2,13.5,0.0,0.0,False,False,True,True
889754.0,1687,125.05025125628141,433.0,1207.0,False,True,False,True
890226.0,6,24.8,3.0,3.0,False,False,False,False
890228.0,92,40.93023255813954,32.0,86.0,False,False,False,False
890232.0,33,30.666666666666668,0.0,33.0,False,False,False,False
890234.0,1,12.0,0.0,1.0,False,False,True,True
890402.0,1782,119.71363636363637,447.0,1243.0,False,True,False,True
890404.0,1863,128.1315789473684,495.0,1349.0,False,True,False,True
890406.0,1622,109.84722222222223,418.0,1197.0,False,True,False,True
890410.0,1232,146.51700680272108,436.0,1216.0,False,True,False,True
890412.0,1135,131.1164383561644,372.0,1112.0,False,True,False,True
890416.0,1271,166.6474820143885,424.0,1271.0,True,True,False,True
890420.0,695,162.50632911392404,229.0,695.0,True,True,False,True
890422.0,402,133.28571428571428,139.0,402.0,False,True,False,True
890582.0,162,30.28787878787879,38.0,58.0,False,False,False,False
890618.0,343,76.2987012987013,139.0,270.0,False,True,False,True
891152.0,273,60.67058823529412,82.0,273.0,False,False,False,False
891154.0,528,80.0677966101695,157.0,528.0,False,True,False,True
891156.0,18,26.09090909090909,6.0,18.0,False,False,False,False
891158.0,264,41.885416666666664,84.0,264.0,False,False,False,False
891160.0,370,97.78082191780823,116.0,370.0,False,False,False,False
891162.0,104,48.82857142857143,33.0,104.0,False,False,False,False
891166.0,231,43.359550561797754,64.0,231.0,False,False,False,False
891170.0,193,83.55,52.0,193.0,False,False,False,False
891192.0,1,32.0,0.0,1.0,False,False,True,True
891250.0,2,18.0,0.0,2.0,False,False,False,False
891252.0,86,66.07692307692308,42.0,86.0,False,False,False,False
891254.0,1,26.0,0.0,0.0,False,False,True,True
891410.0,3397,128.6551724137931,972.0,2737.0,False,True,False,True
891414.0,3001,92.0,893.0,2498.0,False,True,False,True
891416.0,900,45.310526315789474,297.0,758.0,False,True,False,True
891646.0,8,23.428571428571427,0.0,0.0,False,False,True,True
891744.0,11,21.375,2.0,6.0,False,False,False,False
891746.0,33,170.6,13.0,33.0,True,False,False,True
891824.0,44,24.105263157894736,11.0,32.0,False,False,False,False
891900.0,33,72.94117647058823,0.0,0.0,False,False,True,True
891906.0,67,61.44827586206897,0.0,0.0,False,False,True,True
891908.0,48,13.75,6.0,9.0,False,False,False,False
891918.0,6,28.5,1.0,1.0,False,False,True,True
891946.0,48,33.333333333333336,19.0,32.0,False,False,False,False
891948.0,1,3.0,0.0,0.0,False,False,True,True
891970.0,15,112.5,9.0,15.0,False,False,False,False
891976.0,2,23.0,2.0,2.0,False,False,False,False
891988.0,888,65.2797619047619,111.0,474.0,False,False,False,False
892028.0,1337,375.046875,493.0,1337.0,True,True,False,True
892530.0,18,38.333333333333336,7.0,9.0,False,False,False,False
892532.0,155,50.865671641791046,32.0,90.0,False,False,False,False
892534.0,39,76.71428571428571,5.0,11.0,False,False,False,False
892536.0,29,34.142857142857146,7.0,13.0,False,False,False,False
892538.0,126,108.2,35.0,116.0,False,False,False,False
892798.0,37,70.25,30.0,36.0,False,False,False,False
892800.0,8,32.666666666666664,3.0,8.0,False,False,False,False
893172.0,41,37.32,2.0,3.0,False,False,False,False
893400.0,5,15.4,1.0,3.0,False,False,False,False
893402.0,388,55.75,24.0,51.0,False,False,False,False
893420.0,235,67.22222222222223,12.0,29.0,False,False,False,False
893674.0,2468,553.6024096385543,891.0,2468.0,True,True,False,True
893700.0,6,70.0,3.0,6.0,False,False,False,False
893804.0,5846,263.48096885813146,1323.0,3413.0,True,True,False,True
894120.0,18,47.55555555555556,1.0,0.0,False,False,True,True
894224.0,44,23.58823529411765,34.0,33.0,False,False,False,False
894226.0,24,31.09090909090909,16.0,24.0,False,False,False,False
894230.0,21,20.416666666666668,11.0,15.0,False,False,False,False
894232.0,20,23.846153846153847,10.0,16.0,False,False,False,False
894614.0,8,19.166666666666668,1.0,0.0,False,False,True,True
894656.0,3187,204.07843137254903,1317.0,3167.0,True,True,False,True
894662.0,38,27.666666666666668,13.0,37.0,False,False,False,False
894934.0,19,33.666666666666664,18.0,19.0,False,False,False,False
895140.0,4,76.0,0.0,0.0,False,False,True,True
895170.0,11,16.1,0.0,0.0,False,False,True,True
895172.0,90,42.1025641025641,40.0,82.0,False,False,False,False
895266.0,3,8.666666666666666,1.0,1.0,False,False,True,True
895370.0,10,34.5,3.0,10.0,False,False,False,False
895574.0,96,30.97872340425532,3.0,0.0,False,False,True,True
895576.0,70,30.175,1.0,0.0,False,False,True,True
895578.0,57,22.81081081081081,0.0,0.0,False,False,True,True
895598.0,5,10.5,1.0,2.0,False,False,False,False
895774.0,118,40.333333333333336,50.0,105.0,False,False,False,False
895776.0,251,68.15094339622641,104.0,239.0,False,False,False,False
895782.0,13,31.125,0.0,0.0,False,False,True,True
895786.0,36,59.5,0.0,0.0,False,False,True,True
896008.0,193,28.173333333333332,34.0,193.0,False,False,False,False
896010.0,14,19.9,4.0,4.0,False,False,False,False
896012.0,244,23.725806451612904,1.0,0.0,False,False,True,True
896014.0,22,13.88888888888889,7.0,8.0,False,False,False,False
896016.0,325,27.618705035971225,110.0,254.0,False,False,False,False
896018.0,17,21.066666666666666,4.0,9.0,False,False,False,False
896020.0,16,5.0,0.0,0.0,False,False,True,True
896382.0,428,283.7096774193548,156.0,392.0,True,True,False,True
896384.0,28,208.66666666666666,13.0,28.0,True,False,False,True
896386.0,76,925.0,40.0,76.0,True,False,False,True
896390.0,97,197.1,46.0,97.0,True,False,False,True
896428.0,208,67.7948717948718,50.0,185.0,False,False,False,False
896430.0,15,28.4,5.0,14.0,False,False,False,False
896536.0,182,56.46268656716418,2.0,0.0,False,False,True,True
896538.0,14,60.45454545454545,1.0,0.0,False,False,True,True
896708.0,218,100.41176470588235,61.0,152.0,False,False,False,False
897030.0,81,53.857142857142854,41.0,75.0,False,False,False,False
897872.0,52,11.96551724137931,15.0,49.0,False,False,False,False
897894.0,19,53.2,0.0,19.0,False,False,False,False
898414.0,83,161.28571428571428,25.0,59.0,True,False,False,True
898422.0,87,32.72727272727273,12.0,23.0,False,False,False,False
898434.0,10,66.83333333333333,9.0,10.0,False,False,False,False
898558.0,22,51.833333333333336,0.0,0.0,False,False,True,True
898560.0,19,78.0,0.0,0.0,False,False,True,True
898676.0,2,8.0,0.0,0.0,False,False,True,True
898892.0,94,42.608695652173914,26.0,82.0,False,False,False,False
898902.0,22,67.42857142857143,10.0,22.0,False,False,False,False
898906.0,146,209.15384615384616,41.0,127.0,True,False,False,True
898920.0,50,181.0,8.0,37.0,True,False,False,True
899076.0,2,23.5,2.0,2.0,False,False,False,False
899082.0,2166,198.3658536585366,480.0,1511.0,True,True,False,True
899250.0,1660,158.05555555555554,518.0,1374.0,False,True,False,True
899268.0,31,26.833333333333332,2.0,0.0,False,False,True,True
899788.0,603,296.2307692307692,327.0,603.0,True,True,False,True
899790.0,716,471.6666666666667,394.0,716.0,True,True,False,True
899892.0,3,31.666666666666668,0.0,0.0,False,False,True,True
899898.0,2,25.0,0.0,0.0,False,False,True,True
899900.0,2,58.0,0.0,0.0,False,False,True,True
899906.0,1,19.0,0.0,0.0,False,False,True,True
899912.0,1,19.0,0.0,0.0,False,False,True,True
899932.0,711,309.2325581395349,352.0,711.0,True,True,False,True
899964.0,418,274.17241379310343,175.0,418.0,True,True,False,True
899968.0,364,238.26666666666668,171.0,364.0,True,True,False,True
899972.0,191,102.28125,104.0,191.0,False,False,False,False
900180.0,1691,298.96153846153845,650.0,1682.0,True,True,False,True
900192.0,2,5.0,1.0,1.0,False,False,True,True
900194.0,98,41.064516129032256,21.0,43.0,False,False,False,False
900352.0,490,55.5514705882353,110.0,307.0,False,False,False,False
900354.0,619,62.63758389261745,162.0,477.0,False,True,False,True
900458.0,29,52.81818181818182,20.0,28.0,False,False,False,False
900492.0,251,57.10679611650485,114.0,234.0,False,False,False,False
900592.0,374,40.592592592592595,21.0,109.0,False,False,False,False
900594.0,235,27.626506024096386,43.0,201.0,False,False,False,False
900614.0,56,14.2,6.0,34.0,False,False,False,False
900742.0,38,23.647058823529413,7.0,16.0,False,False,False,False
900746.0,75,31.4,16.0,49.0,False,False,False,False
900788.0,216,26.175,28.0,92.0,False,False,False,False
900790.0,99,41.04,15.0,55.0,False,False,False,False
900792.0,8,22.0,3.0,7.0,False,False,False,False
900826.0,596,68.21818181818182,187.0,510.0,False,True,False,True
900892.0,1262,67.89837398373983,400.0,933.0,False,True,False,True
900894.0,328,34.8134328358209,63.0,218.0,False,False,False,False
901034.0,25,14.941176470588236,7.0,12.0,False,False,False,False
901038.0,38,17.653846153846153,6.0,33.0,False,False,False,False
901178.0,313,64.6,18.0,25.0,False,False,False,False
901350.0,92,73.21875,0.0,0.0,False,False,True,True
901492.0,33,28.85185185185185,1.0,3.0,False,False,False,False
901498.0,5,66.25,0.0,0.0,False,False,True,True
901584.0,276,22.325,46.0,172.0,False,False,False,False
901586.0,135,18.83050847457627,10.0,94.0,False,False,False,False
901588.0,82,18.91111111111111,13.0,55.0,False,False,False,False
901734.0,28,30.23076923076923,0.0,0.0,False,False,True,True
901880.0,4185,167.89,740.0,2362.0,True,True,False,True
901884.0,2590,120.72445820433437,617.0,2024.0,False,True,False,True
901886.0,1559,176.40645161290323,489.0,1416.0,True,True,False,True
901894.0,30,82.44444444444444,0.0,0.0,False,False,True,True
901992.0,682,370.1,283.0,671.0,True,True,False,True
901996.0,29,124.2,12.0,26.0,False,False,False,False
902238.0,2,6.5,1.0,1.0,False,False,True,True
902510.0,1964,341.5289256198347,647.0,1842.0,True,True,False,True
902532.0,1106,186.96363636363637,272.0,867.0,True,True,False,True
902608.0,232,218.8181818181818,93.0,219.0,True,False,False,True
902720.0,2419,343.44444444444446,1524.0,2320.0,True,True,False,True
902742.0,1173,365.3076923076923,582.0,1173.0,True,True,False,True
902744.0,3149,645.4814814814815,2117.0,3149.0,True,True,False,True
902746.0,2452,656.2027027027027,1518.0,2452.0,True,True,False,True
902748.0,2542,958.6896551724138,1564.0,2542.0,True,True,False,True
902774.0,1109,489.2142857142857,599.0,1109.0,True,True,False,True
902776.0,1581,814.452380952381,1045.0,1581.0,True,True,False,True
902778.0,1300,463.1458333333333,906.0,1300.0,True,True,False,True
902782.0,1302,499.08196721311475,726.0,1302.0,True,True,False,True
902906.0,48,21.23076923076923,0.0,0.0,False,False,True,True
902910.0,28,36.8,1.0,0.0,False,False,True,True
903254.0,1708,132.76470588235293,360.0,1465.0,False,True,False,True
903292.0,343,262.3,115.0,301.0,True,False,False,True
903312.0,178,41.94736842105263,19.0,53.0,False,False,False,False
903318.0,1459,129.6321243523316,369.0,1178.0,False,True,False,True
903390.0,9,20.285714285714285,0.0,0.0,False,False,True,True
903512.0,28,70.0,0.0,0.0,False,False,True,True
903974.0,10,83.5,0.0,0.0,False,False,True,True
903976.0,5,21.0,0.0,0.0,False,False,True,True
903978.0,10,13.0,5.0,6.0,False,False,False,False
904014.0,1290,320.6470588235294,530.0,1249.0,True,True,False,True
904016.0,4731,754.2583333333333,2359.0,4681.0,True,True,False,True
904038.0,677,42.83832335329341,86.0,215.0,False,False,False,False
904044.0,131,36.1,16.0,23.0,False,False,False,False
904058.0,19,18.294117647058822,0.0,0.0,False,False,True,True
904200.0,17,27.272727272727273,4.0,10.0,False,False,False,False
904202.0,240,162.52,91.0,233.0,True,False,False,True
904204.0,59,46.708333333333336,25.0,54.0,False,False,False,False
904284.0,47,25.103448275862068,0.0,0.0,False,False,True,True
904344.0,9,21.0,8.0,5.0,False,False,False,False
904372.0,3,34.0,0.0,0.0,False,False,True,True
905082.0,2,34.0,0.0,0.0,False,False,True,True
905104.0,483,43.66901408450704,65.0,187.0,False,False,False,False
905300.0,25,34.5,6.0,0.0,False,False,True,True
905308.0,3,15.0,3.0,3.0,False,False,False,False
905430.0,847,317.9,270.0,751.0,True,True,False,True
905432.0,737,489.7586206896552,290.0,726.0,True,True,False,True
905470.0,3,10.0,0.0,3.0,False,False,False,False
905472.0,10,22.25,7.0,9.0,False,False,False,False
905478.0,1,36.0,0.0,0.0,False,False,True,True
905480.0,1,5.0,1.0,1.0,False,False,True,True
905538.0,3413,219.84897959183672,1096.0,3169.0,True,True,False,True
905542.0,2102,136.11848341232226,518.0,1985.0,False,True,False,True
905564.0,751,54.875,222.0,694.0,False,True,False,True
905566.0,905,62.58549222797927,235.0,861.0,False,True,False,True
905570.0,96,23.238095238095237,17.0,96.0,False,False,False,False
905574.0,432,33.972727272727276,145.0,428.0,False,True,False,True
905840.0,7,23.0,3.0,7.0,False,False,False,False
905842.0,1033,125.26890756302521,618.0,1031.0,False,True,False,True
905844.0,1045,176.18852459016392,427.0,1032.0,True,True,False,True
905862.0,103,30.657894736842106,16.0,1.0,False,False,True,True
905870.0,702,181.36486486486487,165.0,559.0,True,True,False,True
905930.0,407,32.29565217391304,105.0,337.0,False,False,False,False
905932.0,370,33.10619469026549,109.0,334.0,False,False,False,False
905934.0,21,11.0,6.0,20.0,False,False,False,False
906070.0,395,379.9189189189189,41.0,71.0,True,False,False,True
906076.0,25,410.0,1.0,1.0,True,False,True,True
906294.0,597,29.159763313609467,76.0,290.0,False,False,False,False
906296.0,201,20.476744186046513,43.0,197.0,False,False,False,False
906392.0,71,26.033333333333335,54.0,53.0,False,False,False,False
906394.0,550,39.048780487804876,152.0,520.0,False,True,False,True
906396.0,538,51.232,157.0,415.0,False,True,False,True
906398.0,104,33.125,17.0,40.0,False,False,False,False
906400.0,555,44.66225165562914,90.0,426.0,False,False,False,False
906402.0,24,25.58823529411765,7.0,17.0,False,False,False,False
906404.0,1114,142.7922077922078,142.0,613.0,False,True,False,True
906406.0,1848,154.63861386138615,308.0,1136.0,False,True,False,True
906408.0,328,122.50819672131148,47.0,87.0,False,False,False,False
906410.0,251,132.12765957446808,13.0,19.0,False,False,False,False
906412.0,341,36.67777777777778,96.0,315.0,False,False,False,False
906416.0,82,40.5,16.0,77.0,False,False,False,False
906418.0,8,20.5,2.0,4.0,False,False,False,False
906420.0,34,29.266666666666666,13.0,29.0,False,False,False,False
906680.0,355,78.71311475409836,62.0,160.0,False,False,False,False
906866.0,655,360.7241379310345,196.0,655.0,True,True,False,True
907174.0,2533,360.53913043478263,774.0,2524.0,True,True,False,True
907178.0,177,31.484375,87.0,174.0,False,False,False,False
907180.0,74,24.7,27.0,74.0,False,False,False,False
907182.0,295,19.541284403669724,48.0,230.0,False,False,False,False
907224.0,347,29.95205479452055,87.0,299.0,False,False,False,False
907440.0,173,20.72289156626506,30.0,167.0,False,False,False,False
907442.0,89,32.08510638297872,34.0,89.0,False,False,False,False
907502.0,242,80.91666666666667,2.0,0.0,False,False,True,True
907504.0,30,16.615384615384617,7.0,25.0,False,False,False,False
907618.0,1,35.0,0.0,0.0,False,False,True,True
907952.0,230,17.045871559633028,19.0,179.0,False,False,False,False
907964.0,77,14.2,16.0,60.0,False,False,False,False
907970.0,182,12.258823529411766,31.0,166.0,False,False,False,False
907972.0,13,21.333333333333332,4.0,8.0,False,False,False,False
907974.0,3,9.666666666666666,0.0,0.0,False,False,True,True
907982.0,153,22.6144578313253,16.0,87.0,False,False,False,False
907986.0,448,29.91891891891892,54.0,447.0,False,False,False,False
907994.0,143,16.443037974683545,20.0,104.0,False,False,False,False
907998.0,2,26.0,0.0,2.0,False,False,False,False
908002.0,22,27.285714285714285,8.0,16.0,False,False,False,False
908078.0,98,24.47826086956522,7.0,56.0,False,False,False,False
908080.0,6,15.2,0.0,1.0,False,False,True,True
908082.0,46,13.5,3.0,20.0,False,False,False,False
908098.0,6,52.666666666666664,0.0,0.0,False,False,True,True
908130.0,3,28.333333333333332,0.0,0.0,False,False,True,True
908152.0,13,58.0,0.0,0.0,False,False,True,True
908162.0,3,79.5,0.0,0.0,False,False,True,True
908180.0,1,15.0,0.0,0.0,False,False,True,True
908300.0,3,84.5,0.0,0.0,False,False,True,True
908640.0,14239,3537.860465116279,8164.0,14239.0,True,True,False,True
908718.0,3,38.666666666666664,2.0,3.0,False,False,False,False
908834.0,24,167.8,1.0,1.0,True,False,True,True
908958.0,1057,190.6056338028169,55.0,107.0,True,False,False,True
908960.0,807,109.64556962025317,46.0,113.0,False,False,False,False
908984.0,8,104.0,3.0,8.0,False,False,False,False
909134.0,202,99.44285714285714,6.0,5.0,False,False,False,False
909308.0,15,116.33333333333333,15.0,15.0,False,False,False,False
909392.0,5,26.0,0.0,0.0,False,False,True,True
909452.0,8,115.0,0.0,8.0,False,False,False,False
909502.0,786,444.3333333333333,297.0,786.0,True,True,False,True
909624.0,3,50.5,0.0,0.0,False,False,True,True
909768.0,14,42.0,0.0,0.0,False,False,True,True
909892.0,8,14.4,2.0,4.0,False,False,False,False
909894.0,1,13.0,0.0,0.0,False,False,True,True
909896.0,1,9.0,0.0,0.0,False,False,True,True
909910.0,318,25.189655172413794,100.0,318.0,False,False,False,False
910018.0,122,59.02040816326531,0.0,0.0,False,False,True,True
910038.0,2,15.0,0.0,0.0,False,False,True,True
910044.0,19,28.2,0.0,0.0,False,False,True,True
910224.0,11,19.125,0.0,0.0,False,False,True,True
910226.0,8,16.5,2.0,0.0,False,False,True,True
910516.0,32,31.863636363636363,0.0,0.0,False,False,True,True
910520.0,198,53.02,62.0,198.0,False,False,False,False
910524.0,85,127.4,33.0,85.0,False,False,False,False
910530.0,1061,617.4285714285714,372.0,1061.0,True,True,False,True
910532.0,151,103.41176470588235,46.0,151.0,False,False,False,False
910540.0,153,55.98245614035088,1.0,0.0,False,False,True,True
910594.0,28,246.0,23.0,28.0,True,False,False,True
910902.0,15,24.625,0.0,15.0,False,False,False,False
910926.0,25,44.857142857142854,0.0,25.0,False,False,False,False
910958.0,13,70.9,0.0,0.0,False,False,True,True
911102.0,27,41.1,3.0,0.0,False,False,True,True
911104.0,1,13.0,0.0,0.0,False,False,True,True
911136.0,211,91.95652173913044,1.0,0.0,False,False,True,True
911138.0,289,101.60714285714286,3.0,0.0,False,False,True,True
911140.0,70,55.75757575757576,2.0,0.0,False,False,True,True
911142.0,20,65.92857142857143,2.0,0.0,False,False,True,True
911152.0,2,43.0,0.0,0.0,False,False,True,True
911214.0,2,18.0,0.0,0.0,False,False,True,True
911310.0,496,78.87777777777778,40.0,95.0,False,False,False,False
912010.0,144,49.94230769230769,2.0,0.0,False,False,True,True
912252.0,263,48.29032258064516,78.0,224.0,False,False,False,False
912296.0,656,63.2520325203252,166.0,483.0,False,True,False,True
912684.0,26,60.4,1.0,0.0,False,False,True,True
912722.0,538,32.59139784946237,135.0,385.0,False,False,False,False
913474.0,10,51.75,3.0,8.0,False,False,False,False
913780.0,5,29.666666666666668,0.0,0.0,False,False,True,True
913788.0,1756,163.02298850574712,327.0,963.0,True,True,False,True
913868.0,37,59.0,18.0,18.0,False,False,False,False
913886.0,2,13.5,1.0,0.0,False,False,True,True
913938.0,5174,338.85135135135135,124.0,408.0,True,False,False,True
913942.0,2907,282.94814814814816,218.0,440.0,True,True,False,True
913984.0,7,17.333333333333332,5.0,6.0,False,False,False,False
914036.0,18,117.33333333333333,8.0,18.0,False,False,False,False
914050.0,399,182.72,202.0,387.0,True,True,False,True
914052.0,1368,267.74418604651163,931.0,1368.0,True,True,False,True
914168.0,11,55.166666666666664,2.0,10.0,False,False,False,False
914170.0,16,23.125,3.0,4.0,False,False,False,False
914172.0,6,34.5,0.0,0.0,False,False,True,True
914238.0,335,48.911764705882355,23.0,335.0,False,False,False,False
914240.0,46,102.375,20.0,46.0,False,False,False,False
914256.0,25,23.5625,0.0,1.0,False,False,True,True
914266.0,5,22.333333333333332,0.0,5.0,False,False,False,False
914272.0,1,9.0,1.0,1.0,False,False,True,True
914338.0,48,28.916666666666668,16.0,48.0,False,False,False,False
914348.0,6,9.0,1.0,6.0,False,False,False,False
914426.0,7,30.6,1.0,4.0,False,False,False,False
914440.0,31,28.75,2.0,1.0,False,False,True,True
914626.0,1,0.0,1.0,1.0,False,False,True,True
914630.0,155,66.89583333333333,68.0,136.0,False,False,False,False
914636.0,18,22.727272727272727,6.0,15.0,False,False,False,False
914816.0,7,19.857142857142858,3.0,7.0,False,False,False,False
914842.0,6,18.833333333333332,0.0,0.0,False,False,True,True
914848.0,17,46.57142857142857,6.0,15.0,False,False,False,False
914870.0,9,19.333333333333332,4.0,4.0,False,False,False,False
915358.0,253,27.984375,42.0,253.0,False,False,False,False
915360.0,271,24.454545454545453,52.0,271.0,False,False,False,False
915504.0,33,109.57142857142857,22.0,33.0,False,False,False,False
915556.0,2295,279.5279187817259,1249.0,2110.0,True,True,False,True
915558.0,161,83.76,71.0,161.0,False,False,False,False
915614.0,64,44.44444444444444,34.0,62.0,False,False,False,False
915958.0,30,34.0,4.0,19.0,False,False,False,False
916424.0,545,74.5,66.0,141.0,False,False,False,False
916596.0,30,123.66666666666667,11.0,30.0,False,False,False,False
916618.0,157,36.07017543859649,13.0,105.0,False,False,False,False
917234.0,1179,328.5081967213115,463.0,1174.0,True,True,False,True
917252.0,18,34.416666666666664,5.0,12.0,False,False,False,False
917378.0,16,34.25,8.0,14.0,False,False,False,False
917446.0,15,40.333333333333336,6.0,15.0,False,False,False,False
917680.0,45,45.06666666666667,30.0,43.0,False,False,False,False
917682.0,7,24.5,5.0,7.0,False,False,False,False
917846.0,35,22.5,9.0,32.0,False,False,False,False
917850.0,328,32.609756097560975,32.0,162.0,False,False,False,False
917852.0,1392,133.26530612244898,236.0,1017.0,False,True,False,True
917856.0,77,18.3125,14.0,74.0,False,False,False,False
917858.0,3,13.0,2.0,2.0,False,False,False,False
917876.0,10,14.0,0.0,2.0,False,False,False,False
917890.0,1,13.0,0.0,1.0,False,False,True,True
918390.0,246,53.47222222222222,31.0,246.0,False,False,False,False
918436.0,762,226.6086956521739,297.0,728.0,True,True,False,True
918452.0,313,30.094736842105263,61.0,313.0,False,False,False,False
918888.0,11,10.363636363636363,4.0,3.0,False,False,False,False
918956.0,19,38.6,7.0,17.0,False,False,False,False
918958.0,9,30.25,7.0,8.0,False,False,False,False
918978.0,1983,228.81203007518798,352.0,1239.0,True,True,False,True
918986.0,1963,258.37692307692305,428.0,1397.0,True,True,False,True
918988.0,2,6.5,1.0,1.0,False,False,True,True
919126.0,291,274.05,138.0,291.0,True,True,False,True
919128.0,388,455.44444444444446,381.0,388.0,True,True,False,True
919162.0,2757,1907.967741935484,1199.0,2757.0,True,True,False,True
919164.0,656,207.35,7.0,10.0,True,False,False,True
919166.0,1013,245.41666666666666,8.0,20.0,True,False,False,True
919188.0,831,1525.0,334.0,831.0,True,True,False,True
919190.0,85,270.6,60.0,83.0,True,False,False,True
919192.0,2158,1345.96875,994.0,2158.0,True,True,False,True
919194.0,1295,830.0882352941177,541.0,1295.0,True,True,False,True
919196.0,2713,1680.3823529411766,1147.0,2713.0,True,True,False,True
919198.0,1066,1016.0,471.0,1066.0,True,True,False,True
919200.0,1242,1032.5,543.0,1242.0,True,True,False,True
919202.0,2433,1436.8055555555557,1071.0,2433.0,True,True,False,True
919204.0,1174,429.45454545454544,13.0,9.0,True,False,False,True
919206.0,926,388.6842105263158,9.0,1.0,True,False,True,True
919214.0,19,47.54545454545455,1.0,1.0,False,False,True,True
919218.0,308,124.78260869565217,149.0,287.0,False,True,False,True
919302.0,2312,1809.6363636363637,1033.0,2312.0,True,True,False,True
919306.0,1504,1365.8,605.0,1504.0,True,True,False,True
919310.0,2077,1084.7674418604652,881.0,2077.0,True,True,False,True
919314.0,2416,1941.4642857142858,1138.0,2416.0,True,True,False,True
919318.0,1813,1182.2333333333333,962.0,1813.0,True,True,False,True
919362.0,2326,1967.2857142857142,1056.0,2326.0,True,True,False,True
919364.0,4820,2804.390243902439,2688.0,4820.0,True,True,False,True
919370.0,1324,1208.5833333333333,641.0,1324.0,True,True,False,True
919372.0,1563,1456.6153846153845,818.0,1563.0,True,True,False,True
919374.0,2021,1775.0357142857142,1037.0,2021.0,True,True,False,True
919376.0,1284,1148.695652173913,522.0,1284.0,True,True,False,True
919378.0,1114,1419.875,624.0,1114.0,True,True,False,True
919382.0,1629,1305.608695652174,1021.0,1629.0,True,True,False,True
919390.0,721,904.5,435.0,721.0,True,True,False,True
919418.0,2,10.0,2.0,2.0,False,False,False,False
919456.0,1147,967.0833333333334,584.0,1147.0,True,True,False,True
919464.0,1289,1031.52,660.0,1289.0,True,True,False,True
919476.0,1871,1437.7857142857142,858.0,1871.0,True,True,False,True
919482.0,1392,1314.2727272727273,650.0,1392.0,True,True,False,True
919490.0,1668,1327.68,810.0,1668.0,True,True,False,True
919504.0,1971,1870.7916666666667,742.0,1971.0,True,True,False,True
919536.0,10,15.0,6.0,8.0,False,False,False,False
919552.0,1150,362.625,13.0,63.0,True,False,False,True
919554.0,1192,461.65060240963857,14.0,11.0,True,False,False,True
919790.0,1599,736.7777777777778,7.0,23.0,True,False,False,True
919792.0,818,246.67368421052632,10.0,68.0,True,False,False,True
919794.0,1157,773.4047619047619,8.0,21.0,True,False,False,True
919896.0,5,17.5,1.0,0.0,False,False,True,True
919906.0,1497,1033.6470588235295,669.0,1497.0,True,True,False,True
919910.0,327,268.625,135.0,327.0,True,False,False,True
919956.0,12,10.75,0.0,0.0,False,False,True,True
919958.0,2,35.0,0.0,0.0,False,False,True,True
919994.0,20,69.5,0.0,0.0,False,False,True,True
920146.0,84,24.61764705882353,35.0,84.0,False,False,False,False
920414.0,1266,1264.35,605.0,1266.0,True,True,False,True
920416.0,1576,825.3703703703703,1123.0,1576.0,True,True,False,True
920666.0,442,54.91,58.0,264.0,False,False,False,False
920706.0,208,48.18571428571428,61.0,140.0,False,False,False,False
920720.0,314,48.14736842105263,74.0,200.0,False,False,False,False
920726.0,110,30.0,17.0,52.0,False,False,False,False
920728.0,300,60.26027397260274,55.0,99.0,False,False,False,False
920732.0,273,72.06451612903226,43.0,157.0,False,False,False,False
920838.0,237,48.26027397260274,63.0,172.0,False,False,False,False
920852.0,469,57.79207920792079,85.0,277.0,False,False,False,False
920874.0,33,48.05263157894737,0.0,0.0,False,False,True,True
920902.0,65,72.33333333333333,9.0,17.0,False,False,False,False
920928.0,15,29.333333333333332,6.0,15.0,False,False,False,False
920930.0,1,62.0,0.0,0.0,False,False,True,True
920982.0,51,48.22222222222222,0.0,0.0,False,False,True,True
921062.0,119,34.891891891891895,5.0,6.0,False,False,False,False
921102.0,28,17.31578947368421,9.0,15.0,False,False,False,False
921104.0,15,27.0,6.0,9.0,False,False,False,False
921116.0,102,31.3,27.0,102.0,False,False,False,False
921306.0,940,165.03968253968253,205.0,542.0,True,True,False,True
921316.0,80,15.864864864864865,46.0,80.0,False,False,False,False
921318.0,4879,488.5986394557823,1494.0,2560.0,True,True,False,True
921320.0,348,132.23333333333332,115.0,269.0,False,False,False,False
921574.0,1506,1538.0,671.0,1506.0,True,True,False,True
921584.0,1266,922.0,758.0,1266.0,True,True,False,True
921592.0,1602,1495.0,622.0,1602.0,True,True,False,True
921594.0,1078,1228.1666666666667,497.0,1078.0,True,True,False,True
921596.0,1270,1254.7272727272727,552.0,1270.0,True,True,False,True
921814.0,85,26.09090909090909,14.0,43.0,False,False,False,False
921818.0,3913,274.3469387755102,591.0,2106.0,True,True,False,True
922114.0,12,20.571428571428573,1.0,11.0,False,False,False,False
922142.0,733,166.19230769230768,331.0,733.0,True,True,False,True
922154.0,2,9.0,0.0,0.0,False,False,True,True
922356.0,18,52.44444444444444,0.0,0.0,False,False,True,True
922428.0,231,45.85294117647059,52.0,204.0,False,False,False,False
922474.0,274,42.17460317460318,59.0,211.0,False,False,False,False
922476.0,196,55.61904761904762,59.0,196.0,False,False,False,False
922486.0,6,4.0,4.0,5.0,False,False,False,False
922698.0,16,10.142857142857142,10.0,12.0,False,False,False,False
922710.0,1590,1367.0833333333333,811.0,1590.0,True,True,False,True
923250.0,148,108.73684210526316,0.0,148.0,False,False,False,False
923254.0,10,38.75,0.0,9.0,False,False,False,False
923526.0,2732,216.23076923076923,487.0,1832.0,True,True,False,True
923528.0,757,113.89682539682539,150.0,638.0,False,True,False,True
923646.0,1,19.0,0.0,0.0,False,False,True,True
923666.0,1805,1089.4545454545455,752.0,1805.0,True,True,False,True
923744.0,1,5.0,0.0,0.0,False,False,True,True
923944.0,41,17.214285714285715,0.0,0.0,False,False,True,True
924356.0,262,41.149253731343286,95.0,262.0,False,False,False,False
924370.0,14,7.545454545454546,1.0,14.0,False,False,False,False
924544.0,117,17.977272727272727,4.0,13.0,False,False,False,False
924546.0,115,26.72222222222222,10.0,71.0,False,False,False,False
924572.0,1,1.0,1.0,1.0,False,False,True,True
924614.0,22,8.833333333333334,16.0,16.0,False,False,False,False
924662.0,1,20.0,0.0,0.0,False,False,True,True
924928.0,79,39.325581395348834,10.0,49.0,False,False,False,False
924930.0,245,58.17857142857143,60.0,224.0,False,False,False,False
924932.0,31,19.782608695652176,3.0,28.0,False,False,False,False
924934.0,574,103.34653465346534,165.0,569.0,False,True,False,True
924936.0,8,25.666666666666668,2.0,0.0,False,False,True,True
924940.0,201,45.43478260869565,70.0,193.0,False,False,False,False
924946.0,48,35.84,16.0,41.0,False,False,False,False
924948.0,253,57.32967032967033,80.0,238.0,False,False,False,False
924950.0,312,52.88785046728972,60.0,287.0,False,False,False,False
924952.0,112,33.24561403508772,28.0,90.0,False,False,False,False
924954.0,137,41.810344827586206,39.0,118.0,False,False,False,False
924956.0,94,36.93478260869565,23.0,62.0,False,False,False,False
924958.0,244,37.381443298969074,77.0,215.0,False,False,False,False
924960.0,284,36.11194029850746,80.0,230.0,False,False,False,False
925104.0,2056,165.4550898203593,390.0,1183.0,True,True,False,True
925106.0,21,37.733333333333334,0.0,0.0,False,False,True,True
925134.0,44,435.0,10.0,44.0,True,False,False,True
925808.0,11,23.22222222222222,0.0,0.0,False,False,True,True
925826.0,667,93.10909090909091,169.0,510.0,False,True,False,True
925828.0,589,83.32,192.0,429.0,False,True,False,True
925922.0,20021,5805.027397260274,9258.0,19603.0,True,True,False,True
926184.0,67,28.333333333333332,13.0,31.0,False,False,False,False
926214.0,3,27.0,0.0,0.0,False,False,True,True
926312.0,140,76.92307692307692,77.0,130.0,False,False,False,False
926486.0,2294,522.295918367347,1183.0,2280.0,True,True,False,True
926490.0,144,47.333333333333336,60.0,133.0,False,False,False,False
926872.0,31,5.157894736842105,7.0,7.0,False,False,False,False
927070.0,32,70.75,0.0,0.0,False,False,True,True
927142.0,7,5.285714285714286,2.0,3.0,False,False,False,False
927908.0,5,4.333333333333333,0.0,0.0,False,False,True,True
927910.0,23,6.555555555555555,1.0,0.0,False,False,True,True
927912.0,17,5.75,1.0,0.0,False,False,True,True
927916.0,560,126.78333333333333,106.0,426.0,False,False,False,False
928022.0,4,31.0,0.0,0.0,False,False,True,True
928092.0,5,78.66666666666667,0.0,0.0,False,False,True,True
928142.0,7,13.714285714285714,0.0,0.0,False,False,True,True
928202.0,25,26.5,0.0,0.0,False,False,True,True
928228.0,47,175.25,22.0,47.0,True,False,False,True
928282.0,2,8.0,2.0,2.0,False,False,False,False
928284.0,2,11.0,2.0,2.0,False,False,False,False
928312.0,1869,232.10309278350516,706.0,1851.0,True,True,False,True
928382.0,18,13.466666666666667,6.0,9.0,False,False,False,False
928404.0,5,25.666666666666668,0.0,0.0,False,False,True,True
928518.0,312,1176.6666666666667,113.0,312.0,True,False,False,True
928886.0,734,162.7340425531915,290.0,681.0,True,True,False,True
928888.0,867,143.06542056074767,223.0,553.0,False,True,False,True
928926.0,16,31.666666666666668,9.0,15.0,False,False,False,False
929228.0,88,37.333333333333336,27.0,87.0,False,False,False,False
929332.0,35,34.86666666666667,0.0,0.0,False,False,True,True
929340.0,8,58.166666666666664,0.0,0.0,False,False,True,True
929424.0,5228,505.54761904761904,1785.0,3963.0,True,True,False,True
929426.0,11189,3338.7903225806454,6347.0,11189.0,True,True,False,True
929428.0,23754,5478.123076923077,19118.0,23754.0,True,True,False,True
929542.0,2,9.0,1.0,2.0,False,False,False,False
929544.0,66,48.23076923076923,18.0,66.0,False,False,False,False
929622.0,16,16.363636363636363,1.0,4.0,False,False,False,False
929626.0,55,20.8,9.0,20.0,False,False,False,False
929876.0,114,34.50819672131148,32.0,78.0,False,False,False,False
929884.0,56,50.36,5.0,25.0,False,False,False,False
930020.0,640,129.24242424242425,193.0,555.0,False,True,False,True
930186.0,58,57.31578947368421,35.0,53.0,False,False,False,False
930242.0,4,17.25,1.0,0.0,False,False,True,True
930264.0,4,13.0,0.0,0.0,False,False,True,True
930326.0,11,14.666666666666666,0.0,1.0,False,False,True,True
930510.0,4,15.5,0.0,2.0,False,False,False,False
930524.0,28,56.875,0.0,28.0,False,False,False,False
930582.0,1,16.0,0.0,0.0,False,False,True,True
930586.0,224,88.66666666666667,101.0,224.0,False,False,False,False
930590.0,62,50.0,16.0,62.0,False,False,False,False
930594.0,55,44.17857142857143,18.0,53.0,False,False,False,False
930660.0,23,27.5,11.0,19.0,False,False,False,False
930662.0,23,30.454545454545453,2.0,23.0,False,False,False,False
930690.0,6,12.0,2.0,4.0,False,False,False,False
930692.0,6,5.0,0.0,6.0,False,False,False,False
930814.0,14,22.272727272727273,2.0,3.0,False,False,False,False
930816.0,5,13.8,0.0,1.0,False,False,True,True
930818.0,3,13.666666666666666,0.0,0.0,False,False,True,True
930820.0,6,13.833333333333334,0.0,1.0,False,False,True,True
930908.0,74,9.395348837209303,16.0,40.0,False,False,False,False
930910.0,13,7.4,1.0,12.0,False,False,False,False
930912.0,215,175.94444444444446,117.0,215.0,True,False,False,True
930914.0,314,100.79661016949153,132.0,314.0,False,False,False,False
931458.0,4439,555.5072463768116,1099.0,2363.0,True,True,False,True
931914.0,31,28.333333333333332,0.0,0.0,False,False,True,True
932050.0,145,202.6153846153846,62.0,145.0,True,False,False,True
932088.0,12,46.666666666666664,2.0,12.0,False,False,False,False
932246.0,1,60.0,1.0,1.0,False,False,True,True
932292.0,103,56.46875,29.0,97.0,False,False,False,False
932304.0,46,42.36842105263158,13.0,44.0,False,False,False,False
932460.0,25,27.866666666666667,1.0,0.0,False,False,True,True
932498.0,275,360.53333333333336,122.0,274.0,True,False,False,True
932500.0,1175,360.3,592.0,1167.0,True,True,False,True
932502.0,759,419.88235294117646,313.0,755.0,True,True,False,True
932672.0,7,3.3333333333333335,0.0,0.0,False,False,True,True
932676.0,4,18.5,3.0,4.0,False,False,False,False
932750.0,29,28.46153846153846,7.0,17.0,False,False,False,False
932754.0,5,8.4,2.0,3.0,False,False,False,False
932798.0,105,33.483870967741936,7.0,10.0,False,False,False,False
932836.0,326,52.06382978723404,88.0,305.0,False,False,False,False
932856.0,4,8.0,1.0,4.0,False,False,False,False
933070.0,849,849.5,386.0,782.0,True,True,False,True
933244.0,86,157.4,36.0,84.0,False,False,False,False
933452.0,4,8.5,3.0,4.0,False,False,False,False
933804.0,25,24.714285714285715,0.0,0.0,False,False,True,True
933806.0,336,131.06521739130434,167.0,336.0,False,True,False,True
933810.0,107,115.29411764705883,44.0,107.0,False,False,False,False
933832.0,23,36.875,0.0,0.0,False,False,True,True
933986.0,24,15.357142857142858,6.0,10.0,False,False,False,False
933996.0,15,15.666666666666666,9.0,11.0,False,False,False,False
934000.0,10,18.142857142857142,1.0,2.0,False,False,False,False
934074.0,37,28.105263157894736,1.0,0.0,False,False,True,True
934076.0,11,44.42857142857143,1.0,0.0,False,False,True,True
934098.0,6,31.8,2.0,0.0,False,False,True,True
934170.0,8,16.4,0.0,0.0,False,False,True,True
934188.0,8,25.0,1.0,2.0,False,False,False,False
934424.0,6,32.8,0.0,0.0,False,False,True,True
934426.0,222,1062.2,110.0,222.0,True,False,False,True
934428.0,36,40.476190476190474,0.0,0.0,False,False,True,True
934430.0,28,35.18181818181818,1.0,0.0,False,False,True,True
934432.0,8,47.833333333333336,0.0,0.0,False,False,True,True
934476.0,11,91.0,9.0,10.0,False,False,False,False
934534.0,127,61.8421052631579,2.0,0.0,False,False,True,True
934608.0,9,17.142857142857142,0.0,0.0,False,False,True,True
935216.0,35,13.31578947368421,10.0,33.0,False,False,False,False
935244.0,29,66.5,12.0,27.0,False,False,False,False
935246.0,4,8.666666666666666,3.0,4.0,False,False,False,False
935264.0,59,113.875,18.0,55.0,False,False,False,False
935268.0,5,12.0,0.0,0.0,False,False,True,True
935348.0,314,38.60493827160494,68.0,169.0,False,False,False,False
935394.0,1,7.0,0.0,0.0,False,False,True,True
935548.0,22,16.133333333333333,2.0,3.0,False,False,False,False
935870.0,8,14.714285714285714,0.0,0.0,False,False,True,True
935956.0,3,39.666666666666664,0.0,1.0,False,False,True,True
935958.0,35,38.95,1.0,0.0,False,False,True,True
936110.0,155,60.85,0.0,0.0,False,False,True,True
936296.0,4,34.666666666666664,4.0,4.0,False,False,False,False
936324.0,123,81.17647058823529,45.0,95.0,False,False,False,False
936382.0,391,175.47368421052633,126.0,390.0,True,False,False,True
936514.0,80,45.666666666666664,1.0,0.0,False,False,True,True
936984.0,70,30.25,0.0,0.0,False,False,True,True
937156.0,65,52.26315789473684,28.0,65.0,False,False,False,False
937352.0,31,39.25,11.0,31.0,False,False,False,False
937362.0,10,53.6,3.0,5.0,False,False,False,False
937366.0,5,43.0,2.0,2.0,False,False,False,False
937368.0,32,35.529411764705884,12.0,10.0,False,False,False,False
937370.0,6,19.0,4.0,5.0,False,False,False,False
937372.0,1171,856.5652173913044,638.0,1171.0,True,True,False,True
937374.0,25,55.9375,0.0,0.0,False,False,True,True
937422.0,36,9.846153846153847,19.0,36.0,False,False,False,False
937428.0,8,12.0,0.0,8.0,False,False,False,False
937430.0,33,27.1,12.0,33.0,False,False,False,False
937432.0,22,19.375,16.0,19.0,False,False,False,False
937604.0,59,18.61111111111111,25.0,52.0,False,False,False,False
937650.0,91,277.1666666666667,47.0,91.0,True,False,False,True
937678.0,175,60.84126984126984,106.0,159.0,False,False,False,False
937708.0,838,204.58695652173913,313.0,648.0,True,True,False,True
937710.0,1,15.0,1.0,1.0,False,False,True,True
937716.0,1,19.0,1.0,1.0,False,False,True,True
937720.0,1,36.0,0.0,1.0,False,False,True,True
937732.0,307,55.45783132530121,122.0,191.0,False,False,False,False
937736.0,1437,344.989010989011,677.0,1153.0,True,True,False,True
937742.0,19,22.071428571428573,0.0,3.0,False,False,False,False
937750.0,103,55.806451612903224,28.0,46.0,False,False,False,False
937752.0,2028,359.4387755102041,946.0,1616.0,True,True,False,True
937760.0,1019,188.54736842105262,464.0,727.0,True,True,False,True
937762.0,292,81.31521739130434,76.0,196.0,False,False,False,False
937770.0,1,37.0,1.0,1.0,False,False,True,True
937772.0,1,18.0,1.0,1.0,False,False,True,True
937774.0,278,166.23333333333332,72.0,138.0,True,False,False,True
937778.0,1,19.0,1.0,1.0,False,False,True,True
937780.0,943,231.93684210526317,368.0,783.0,True,True,False,True
937782.0,51,27.68421052631579,14.0,26.0,False,False,False,False
937786.0,15,37.142857142857146,5.0,12.0,False,False,False,False
937788.0,597,133.98765432098764,259.0,472.0,False,True,False,True
937808.0,938,248.89655172413794,394.0,811.0,True,True,False,True
937810.0,354,88.43181818181819,150.0,274.0,False,True,False,True
937812.0,353,84.875,81.0,187.0,False,False,False,False
937854.0,717,138.15463917525773,250.0,553.0,False,True,False,True
937856.0,39,30.076923076923077,11.0,28.0,False,False,False,False
937860.0,1648,410.320987654321,757.0,1424.0,True,True,False,True
937862.0,475,118.74117647058823,146.0,353.0,False,True,False,True
937864.0,97,49.77777777777778,21.0,49.0,False,False,False,False
937868.0,313,87.66216216216216,88.0,250.0,False,False,False,False
937870.0,13,50.25,7.0,13.0,False,False,False,False
937872.0,1,18.0,1.0,1.0,False,False,True,True
937874.0,150,235.8125,35.0,131.0,True,False,False,True
937880.0,7,13.0,0.0,0.0,False,False,True,True
937888.0,1165,275.6770833333333,502.0,972.0,True,True,False,True
937898.0,41,140.4,22.0,32.0,False,False,False,False
937900.0,4,56.0,3.0,4.0,False,False,False,False
937902.0,1146,285.14285714285717,424.0,899.0,True,True,False,True
937956.0,774,17.15,25.0,1.0,False,False,True,True
937958.0,292,38.83018867924528,8.0,0.0,False,False,True,True
937960.0,204,47.95744680851064,2.0,0.0,False,False,True,True
937962.0,106,49.513513513513516,3.0,0.0,False,False,True,True
937966.0,1062,200.4891304347826,511.0,819.0,True,True,False,True
937980.0,227,83.62,70.0,145.0,False,False,False,False
937984.0,63,29.884615384615383,24.0,39.0,False,False,False,False
937988.0,346,132.8955223880597,113.0,274.0,False,False,False,False
938022.0,279,335.75,121.0,265.0,True,False,False,True
938070.0,671,1745.25,298.0,671.0,True,True,False,True
938072.0,472,1100.375,197.0,472.0,True,True,False,True
938074.0,611,1310.9,282.0,611.0,True,True,False,True
938078.0,750,1612.3636363636363,357.0,750.0,True,True,False,True
938080.0,660,1871.625,272.0,660.0,True,True,False,True
938414.0,139,86.46428571428571,30.0,46.0,False,False,False,False
938432.0,9,30.666666666666668,0.0,0.0,False,False,True,True
938612.0,189,43.37837837837838,31.0,125.0,False,False,False,False
938614.0,62,29.0,11.0,29.0,False,False,False,False
938842.0,90,124.08333333333333,35.0,90.0,False,False,False,False
938896.0,3330,399.9492753623188,601.0,2272.0,True,True,False,True
939212.0,17,14.071428571428571,7.0,9.0,False,False,False,False
939218.0,370,146.31034482758622,145.0,359.0,False,True,False,True
939222.0,907,237.93827160493828,314.0,873.0,True,True,False,True
939224.0,1373,225.7887323943662,707.0,1341.0,True,True,False,True
939236.0,5,21.666666666666668,0.0,5.0,False,False,False,False
939370.0,973,253.26388888888889,144.0,491.0,True,True,False,True
939376.0,1336,261.40860215053766,388.0,1075.0,True,True,False,True
939470.0,748,454.26666666666665,272.0,729.0,True,True,False,True
939474.0,748,192.41935483870967,186.0,561.0,True,True,False,True
939476.0,756,434.77142857142854,296.0,716.0,True,True,False,True
939478.0,124,37.2093023255814,51.0,105.0,False,False,False,False
939684.0,148,47.225,68.0,131.0,False,False,False,False
939698.0,3,13.333333333333334,0.0,1.0,False,False,True,True
939706.0,1542,336.55882352941177,290.0,1023.0,True,True,False,True
939708.0,46,77.11111111111111,11.0,36.0,False,False,False,False
939716.0,24,18.5,5.0,16.0,False,False,False,False
939718.0,10,12.75,9.0,10.0,False,False,False,False
939736.0,19,19.125,15.0,19.0,False,False,False,False
939738.0,634,122.26666666666667,278.0,634.0,False,True,False,True
939762.0,2686,350.4263565891473,787.0,1878.0,True,True,False,True
939886.0,281,69.0,67.0,281.0,False,False,False,False
940430.0,90,14.961538461538462,14.0,27.0,False,False,False,False
940432.0,305,74.43181818181819,39.0,166.0,False,False,False,False
940434.0,259,30.048387096774192,41.0,133.0,False,False,False,False
940436.0,36,27.214285714285715,3.0,6.0,False,False,False,False
940438.0,436,72.75,103.0,374.0,False,False,False,False
940440.0,60,29.083333333333332,8.0,14.0,False,False,False,False
940442.0,493,60.666666666666664,82.0,297.0,False,False,False,False
940456.0,58,11.305555555555555,17.0,32.0,False,False,False,False
940458.0,89,31.6046511627907,18.0,66.0,False,False,False,False
940460.0,82,28.24137931034483,28.0,82.0,False,False,False,False
940474.0,26,13.133333333333333,17.0,26.0,False,False,False,False
940486.0,23,40.5,13.0,23.0,False,False,False,False
940508.0,2,41.5,0.0,0.0,False,False,True,True
940512.0,1,19.0,0.0,0.0,False,False,True,True
940514.0,1,11.0,0.0,0.0,False,False,True,True
940568.0,10,9.5,4.0,7.0,False,False,False,False
940588.0,2194,112.69117647058823,61.0,67.0,False,False,False,False
940596.0,407,519.4666666666667,148.0,406.0,True,True,False,True
940610.0,2,18.5,0.0,1.0,False,False,True,True
940614.0,571,285.2142857142857,184.0,426.0,True,True,False,True
940616.0,2971,610.474358974359,1017.0,2393.0,True,True,False,True
940622.0,1395,305.4406779661017,295.0,718.0,True,True,False,True
940624.0,1738,340.24050632911394,459.0,1166.0,True,True,False,True
940630.0,2112,164.68852459016392,73.0,127.0,True,False,False,True
940634.0,2055,517.820895522388,662.0,1623.0,True,True,False,True
940652.0,1274,377.0181818181818,367.0,860.0,True,True,False,True
940658.0,2587,385.13253012048193,841.0,1726.0,True,True,False,True
940772.0,2,9.0,0.0,0.0,False,False,True,True
940782.0,8,20.5,3.0,8.0,False,False,False,False
940788.0,11,27.142857142857142,4.0,11.0,False,False,False,False
940802.0,5,31.5,3.0,5.0,False,False,False,False
940814.0,2,19.5,1.0,2.0,False,False,False,False
940828.0,8,30.5,2.0,7.0,False,False,False,False
940842.0,2,38.5,0.0,2.0,False,False,False,False
940848.0,2,31.5,1.0,2.0,False,False,False,False
940952.0,251,99.1875,84.0,110.0,False,False,False,False
940968.0,18,24.076923076923077,0.0,0.0,False,False,True,True
941192.0,1139,379.84615384615387,693.0,1139.0,True,True,False,True
941384.0,703,171.5,269.0,655.0,True,True,False,True
941390.0,370,825.0,151.0,369.0,True,True,False,True
941628.0,148,191.1818181818182,50.0,147.0,True,False,False,True
941736.0,10,14.5,5.0,10.0,False,False,False,False
941740.0,8,11.0,2.0,8.0,False,False,False,False
941786.0,3,39.0,0.0,0.0,False,False,True,True
941810.0,4,18.333333333333332,1.0,4.0,False,False,False,False
941816.0,1,10.0,0.0,1.0,False,False,True,True
941826.0,1,2.0,1.0,1.0,False,False,True,True
941838.0,9,19.5,2.0,9.0,False,False,False,False
941842.0,3,11.666666666666666,2.0,3.0,False,False,False,False
941844.0,18,22.9,5.0,11.0,False,False,False,False
942174.0,6,27.0,3.0,6.0,False,False,False,False
942214.0,2,10.5,0.0,0.0,False,False,True,True
943050.0,73,295.0,61.0,73.0,True,False,False,True
943066.0,260,60.89655172413793,48.0,171.0,False,False,False,False
943818.0,23,58.5,6.0,22.0,False,False,False,False
944210.0,160,148.38235294117646,12.0,46.0,False,False,False,False
944216.0,367,118.39772727272727,55.0,133.0,False,False,False,False
944218.0,409,122.94444444444444,49.0,164.0,False,False,False,False
944220.0,484,130.1346153846154,86.0,221.0,False,False,False,False
944222.0,528,119.86315789473684,106.0,344.0,False,False,False,False
944226.0,289,106.7840909090909,52.0,109.0,False,False,False,False
944228.0,34,112.92307692307692,3.0,5.0,False,False,False,False
944246.0,10,58.0,0.0,1.0,False,False,True,True
944310.0,3,7.5,0.0,0.0,False,False,True,True
944474.0,18,51.714285714285715,5.0,12.0,False,False,False,False
944476.0,205,83.84375,14.0,16.0,False,False,False,False
944560.0,6,24.75,1.0,1.0,False,False,True,True
944564.0,2,14.0,0.0,0.0,False,False,True,True
944644.0,171,62.4,31.0,145.0,False,False,False,False
944646.0,552,99.94444444444444,85.0,333.0,False,False,False,False
944648.0,46,25.2,14.0,41.0,False,False,False,False
944764.0,611,161.88888888888889,89.0,256.0,True,False,False,True
944766.0,292,148.8148148148148,41.0,140.0,False,False,False,False
944808.0,229,17.5,0.0,0.0,False,False,True,True
944908.0,2,13.5,0.0,0.0,False,False,True,True
945046.0,88,81.94736842105263,17.0,29.0,False,False,False,False
945052.0,75,47.0,15.0,16.0,False,False,False,False
945058.0,5,28.333333333333332,1.0,1.0,False,False,True,True
945074.0,3,26.0,3.0,3.0,False,False,False,False
945274.0,1,14.0,0.0,1.0,False,False,True,True
945278.0,4001,2965.590909090909,1764.0,4001.0,True,True,False,True
945280.0,2399,1028.4186046511627,1141.0,2399.0,True,True,False,True
945282.0,2309,777.25,719.0,2309.0,True,True,False,True
945284.0,2071,916.390243902439,711.0,2071.0,True,True,False,True
945286.0,6880,2178.1774193548385,3626.0,6880.0,True,True,False,True
945288.0,2209,1132.5,579.0,2209.0,True,True,False,True
945290.0,3373,1302.34375,1676.0,3373.0,True,True,False,True
945294.0,3368,1617.25,1360.0,3368.0,True,True,False,True
945296.0,2434,637.0281690140845,1042.0,2434.0,True,True,False,True
945298.0,1313,584.5909090909091,229.0,1313.0,True,True,False,True
945302.0,6138,1934.6714285714286,3184.0,6138.0,True,True,False,True
945304.0,2576,1309.342105263158,954.0,2576.0,True,True,False,True
945308.0,1584,962.1935483870968,649.0,1584.0,True,True,False,True
945310.0,3311,1605.3111111111111,1475.0,3311.0,True,True,False,True
945312.0,2146,861.18,668.0,2146.0,True,True,False,True
945314.0,1763,631.0677966101695,766.0,1763.0,True,True,False,True
945316.0,2575,827.4098360655738,1094.0,2575.0,True,True,False,True
945318.0,1839,1055.9375,673.0,1839.0,True,True,False,True
945320.0,2177,1067.0,725.0,2177.0,True,True,False,True
945322.0,4775,1613.3492063492063,2087.0,4775.0,True,True,False,True
945324.0,2226,1130.0816326530612,879.0,2226.0,True,True,False,True
945710.0,1,17.0,0.0,0.0,False,False,True,True
945728.0,87,214.625,42.0,87.0,True,False,False,True
945894.0,1464,1549.3529411764705,656.0,1464.0,True,True,False,True
945898.0,3,1.0,3.0,3.0,False,False,False,False
945900.0,4210,1830.5116279069769,1874.0,4210.0,True,True,False,True
945902.0,2835,1251.2894736842106,1387.0,2835.0,True,True,False,True
945904.0,3813,2073.4594594594596,1587.0,3813.0,True,True,False,True
946020.0,1,3.0,0.0,0.0,False,False,True,True
946032.0,1,8.0,0.0,0.0,False,False,True,True
946072.0,2,3.5,1.0,1.0,False,False,True,True
946454.0,13,0.0,13.0,13.0,False,False,False,False
946468.0,1,25.0,0.0,0.0,False,False,True,True
946582.0,71,20.26086956521739,10.0,27.0,False,False,False,False
946916.0,32,42.0,0.0,0.0,False,False,True,True
946988.0,8,10.75,5.0,5.0,False,False,False,False
947304.0,680,123.6875,228.0,645.0,False,True,False,True
947306.0,1,10.0,0.0,0.0,False,False,True,True
947480.0,5,13.75,4.0,5.0,False,False,False,False
947590.0,166,54.2,60.0,166.0,False,False,False,False
947592.0,803,392.1,405.0,803.0,True,True,False,True
947596.0,1,16.0,0.0,1.0,False,False,True,True
947598.0,412,172.525,201.0,412.0,True,True,False,True
947600.0,303,158.06060606060606,168.0,303.0,False,True,False,True
947604.0,913,383.69565217391306,562.0,912.0,True,True,False,True
947610.0,21,16.928571428571427,6.0,19.0,False,False,False,False
947612.0,108,41.054054054054056,35.0,107.0,False,False,False,False
947614.0,995,328.575,578.0,995.0,True,True,False,True
947616.0,1967,710.4782608695652,1169.0,1967.0,True,True,False,True
947618.0,1076,487.5405405405405,622.0,1076.0,True,True,False,True
947620.0,1158,420.8936170212766,794.0,1158.0,True,True,False,True
947636.0,102,188.7,61.0,102.0,True,False,False,True
947638.0,1167,409.2325581395349,673.0,1165.0,True,True,False,True
947640.0,418,245.62962962962962,229.0,418.0,True,True,False,True
947642.0,902,413.8333333333333,666.0,901.0,True,True,False,True
947644.0,446,162.2888888888889,159.0,446.0,True,True,False,True
947646.0,1893,1156.6857142857143,1037.0,1893.0,True,True,False,True
947648.0,2813,1242.878048780488,1752.0,2813.0,True,True,False,True
947650.0,1603,691.3333333333334,936.0,1603.0,True,True,False,True
947652.0,515,356.75,275.0,515.0,True,True,False,True
947654.0,2257,1286.175,1545.0,2257.0,True,True,False,True
947658.0,2668,996.204081632653,1688.0,2668.0,True,True,False,True
947816.0,40,38.25,11.0,29.0,False,False,False,False
947818.0,45,37.714285714285715,6.0,33.0,False,False,False,False
947820.0,9,39.0,1.0,9.0,False,False,False,False
948150.0,33,45.25,4.0,9.0,False,False,False,False
948170.0,5,25.666666666666668,0.0,3.0,False,False,False,False
948182.0,563,138.05333333333334,138.0,452.0,False,True,False,True
948282.0,1,1.0,0.0,0.0,False,False,True,True
948284.0,4,26.75,0.0,0.0,False,False,True,True
948286.0,319,135.24324324324326,15.0,0.0,False,False,True,True
948288.0,22,29.6,1.0,0.0,False,False,True,True
948524.0,4,5.5,0.0,0.0,False,False,True,True
948756.0,171,63.375,52.0,170.0,False,False,False,False
948758.0,536,141.53191489361703,154.0,518.0,False,True,False,True
949252.0,3,20.0,0.0,0.0,False,False,True,True
949420.0,6,2.4,1.0,1.0,False,False,True,True
950444.0,86,50.07142857142857,37.0,86.0,False,False,False,False
950632.0,1,13.0,0.0,0.0,False,False,True,True
950634.0,9,13.75,0.0,0.0,False,False,True,True
950640.0,1,9.0,0.0,0.0,False,False,True,True
950672.0,54,40.666666666666664,19.0,53.0,False,False,False,False
950806.0,9,19.666666666666668,1.0,3.0,False,False,False,False
950972.0,820,826.6363636363636,264.0,816.0,True,True,False,True
951046.0,37,44.18181818181818,12.0,34.0,False,False,False,False
951118.0,4,32.5,0.0,0.0,False,False,True,True
951186.0,100,48.11764705882353,8.0,8.0,False,False,False,False
951290.0,21,56.90909090909091,9.0,20.0,False,False,False,False
951332.0,13,35.5,3.0,5.0,False,False,False,False
951408.0,30,11.615384615384615,13.0,30.0,False,False,False,False
951490.0,27,25.0,1.0,0.0,False,False,True,True
951492.0,185,37.59322033898305,40.0,157.0,False,False,False,False
951506.0,237,64.01818181818182,33.0,197.0,False,False,False,False
951508.0,482,106.46666666666667,73.0,146.0,False,False,False,False
951526.0,15,19.90909090909091,0.0,0.0,False,False,True,True
951614.0,5,23.333333333333332,0.0,0.0,False,False,True,True
951648.0,161,728.75,84.0,161.0,True,False,False,True
951650.0,11,51.75,5.0,10.0,False,False,False,False
952114.0,613,554.5294117647059,284.0,612.0,True,True,False,True
952116.0,354,635.3333333333334,158.0,354.0,True,True,False,True
952126.0,7,20.2,0.0,0.0,False,False,True,True
952196.0,4,15.0,1.0,2.0,False,False,False,False
952292.0,2,81.0,0.0,0.0,False,False,True,True
952392.0,1496,678.3409090909091,965.0,1496.0,True,True,False,True
952458.0,1556,844.0,893.0,1556.0,True,True,False,True
952460.0,177,145.04347826086956,97.0,177.0,False,False,False,False
952462.0,9,25.857142857142858,1.0,1.0,False,False,True,True
952466.0,88,472.0,55.0,88.0,True,False,False,True
952468.0,1127,547.081081081081,741.0,1127.0,True,True,False,True
952656.0,42,18.36,12.0,38.0,False,False,False,False
952666.0,1,15.0,0.0,0.0,False,False,True,True
952678.0,1,30.0,0.0,0.0,False,False,True,True
952734.0,409,23.789473684210527,0.0,0.0,False,False,True,True
952914.0,658,190.53061224489795,246.0,580.0,True,True,False,True
952916.0,8,40.0,1.0,7.0,False,False,False,False
952948.0,4718,227.03157894736842,441.0,1178.0,True,True,False,True
952954.0,2,1.0,0.0,0.0,False,False,True,True
952968.0,3,4.333333333333333,0.0,1.0,False,False,True,True
952982.0,8,1.1666666666666667,0.0,0.0,False,False,True,True
953362.0,10,11.25,8.0,10.0,False,False,False,False
953458.0,59,193.66666666666666,29.0,59.0,True,False,False,True
953460.0,7,0.6666666666666666,6.0,7.0,False,False,False,False
953462.0,684,406.3666666666667,462.0,684.0,True,True,False,True
953464.0,369,118.31818181818181,211.0,317.0,False,True,False,True
953940.0,1,9.0,0.0,0.0,False,False,True,True
953952.0,7,30.333333333333332,0.0,0.0,False,False,True,True
954086.0,32,36.0,0.0,1.0,False,False,True,True
954284.0,1,3.0,1.0,1.0,False,False,True,True
954290.0,10,28.142857142857142,0.0,0.0,False,False,True,True
954318.0,2,5.0,1.0,1.0,False,False,True,True
954376.0,4,20.25,2.0,4.0,False,False,False,False
954378.0,8,26.4,5.0,8.0,False,False,False,False
954380.0,4,20.333333333333332,3.0,4.0,False,False,False,False
954616.0,7,7.666666666666667,0.0,0.0,False,False,True,True
954642.0,385,499.25,135.0,385.0,True,False,False,True
954650.0,1299,331.5079365079365,273.0,837.0,True,True,False,True
954750.0,292,145.475,25.0,69.0,False,False,False,False
954810.0,37,30.545454545454547,0.0,0.0,False,False,True,True
955032.0,72,35.77777777777778,18.0,34.0,False,False,False,False
955068.0,2,0.0,2.0,2.0,False,False,False,False
955082.0,14,7.666666666666667,7.0,14.0,False,False,False,False
955086.0,1,6.0,0.0,1.0,False,False,True,True
955090.0,26,12.0,4.0,26.0,False,False,False,False
955094.0,2,8.0,0.0,2.0,False,False,False,False
955164.0,5,19.6,1.0,3.0,False,False,False,False
955436.0,1,23.0,0.0,0.0,False,False,True,True
955820.0,9,24.0,5.0,9.0,False,False,False,False
956080.0,5,84.0,0.0,0.0,False,False,True,True
956268.0,28,38.111111111111114,11.0,22.0,False,False,False,False
956276.0,17,17.285714285714285,6.0,9.0,False,False,False,False
956292.0,5,13.25,0.0,2.0,False,False,False,False
956298.0,14,14.7,6.0,14.0,False,False,False,False
956480.0,86,72.70588235294117,0.0,0.0,False,False,True,True
956484.0,13,30.333333333333332,0.0,0.0,False,False,True,True
956664.0,1,9.0,0.0,0.0,False,False,True,True
957022.0,18,27.75,10.0,18.0,False,False,False,False
957922.0,19,36.22222222222222,4.0,16.0,False,False,False,False
958394.0,21,16.77777777777778,0.0,0.0,False,False,True,True
958416.0,308,95.64864864864865,96.0,295.0,False,False,False,False
958418.0,466,100.14285714285714,132.0,457.0,False,False,False,False
958430.0,306,74.62962962962963,71.0,284.0,False,False,False,False
958432.0,162,40.86,31.0,147.0,False,False,False,False
958434.0,161,47.13636363636363,42.0,138.0,False,False,False,False
958440.0,81,20.8,11.0,81.0,False,False,False,False
958444.0,64,18.4,5.0,64.0,False,False,False,False
958452.0,450,138.94117647058823,118.0,423.0,False,False,False,False
958454.0,26,14.142857142857142,5.0,24.0,False,False,False,False
958456.0,852,474.48571428571427,303.0,842.0,True,True,False,True
958458.0,1,0.0,1.0,1.0,False,False,True,True
958460.0,214,118.38461538461539,32.0,112.0,False,False,False,False
958468.0,523,195.609756097561,138.0,516.0,True,True,False,True
958470.0,16,23.75,6.0,13.0,False,False,False,False
958472.0,28,18.53846153846154,15.0,28.0,False,False,False,False
958478.0,309,191.27586206896552,124.0,302.0,True,False,False,True
958480.0,138,286.2857142857143,93.0,138.0,True,False,False,True
958640.0,21,14.846153846153847,4.0,11.0,False,False,False,False
958672.0,49,11.590909090909092,9.0,49.0,False,False,False,False
959118.0,14,47.0,4.0,14.0,False,False,False,False
959312.0,201,58.233333333333334,88.0,145.0,False,False,False,False
959596.0,9,29.5,8.0,9.0,False,False,False,False
960294.0,297,271.46666666666664,165.0,296.0,True,True,False,True
960296.0,172,187.36363636363637,103.0,170.0,True,False,False,True
960620.0,108,64.28571428571429,25.0,58.0,False,False,False,False
960648.0,112,84.64,30.0,79.0,False,False,False,False
960666.0,1,3.0,0.0,1.0,False,False,True,True
960670.0,3,24.5,1.0,3.0,False,False,False,False
960672.0,219,159.25,57.0,219.0,False,False,False,False
960674.0,2,0.0,2.0,2.0,False,False,False,False
960698.0,6,33.666666666666664,0.0,0.0,False,False,True,True
960950.0,14,24.25,5.0,14.0,False,False,False,False
961064.0,927,851.4545454545455,372.0,904.0,True,True,False,True
961552.0,14,31.4,5.0,11.0,False,False,False,False
961770.0,79,54.125,0.0,0.0,False,False,True,True
962062.0,15,25.5,0.0,0.0,False,False,True,True
962168.0,4,17.25,0.0,0.0,False,False,True,True
962268.0,132,85.89285714285714,39.0,94.0,False,False,False,False
962658.0,651,139.72222222222223,98.0,320.0,False,False,False,False
962902.0,622,191.93478260869566,95.0,399.0,True,False,False,True
962904.0,2,43.0,2.0,2.0,False,False,False,False
963716.0,1,14.0,0.0,1.0,False,False,True,True
964510.0,146,65.24,37.0,131.0,False,False,False,False
964518.0,2,42.0,0.0,0.0,False,False,True,True
964666.0,857,881.8181818181819,303.0,814.0,True,True,False,True
964712.0,15,44.333333333333336,5.0,9.0,False,False,False,False
964716.0,296,122.58823529411765,35.0,296.0,False,False,False,False
965232.0,37,50.875,10.0,37.0,False,False,False,False
965328.0,28,64.375,8.0,28.0,False,False,False,False
965538.0,475,659.7142857142857,207.0,475.0,True,True,False,True
965540.0,807,1097.5,285.0,807.0,True,True,False,True
965542.0,681,1224.7692307692307,286.0,681.0,True,True,False,True
965544.0,1277,1928.3846153846155,668.0,1277.0,True,True,False,True
965942.0,4,25.5,0.0,0.0,False,False,True,True
966158.0,37,30.11764705882353,10.0,34.0,False,False,False,False
966686.0,3,21.5,0.0,1.0,False,False,True,True
967204.0,3,4.0,1.0,3.0,False,False,False,False
967310.0,53,73.07142857142857,23.0,52.0,False,False,False,False
968150.0,95,103.85714285714286,30.0,91.0,False,False,False,False
968232.0,1,13.0,0.0,0.0,False,False,True,True
968338.0,226,219.78947368421052,67.0,213.0,True,False,False,True
968368.0,2,19.0,0.0,0.0,False,False,True,True
968520.0,5,5.0,0.0,0.0,False,False,True,True
969262.0,1,17.0,1.0,1.0,False,False,True,True
969268.0,5,24.0,0.0,5.0,False,False,False,False
969272.0,382,186.3,89.0,228.0,True,False,False,True
969284.0,1,4.0,1.0,1.0,False,False,True,True
969286.0,8,22.6,3.0,8.0,False,False,False,False
969288.0,5,36.333333333333336,2.0,2.0,False,False,False,False
969294.0,96,86.4,9.0,12.0,False,False,False,False
969380.0,8,33.5,7.0,7.0,False,False,False,False
969386.0,54,85.625,23.0,54.0,False,False,False,False
969600.0,19,130.0,0.0,19.0,False,False,False,False
970240.0,2,26.5,1.0,1.0,False,False,True,True
970242.0,10,36.666666666666664,7.0,10.0,False,False,False,False
970244.0,4,32.333333333333336,1.0,2.0,False,False,False,False
970250.0,1,8.0,1.0,1.0,False,False,True,True
970252.0,6,33.666666666666664,3.0,5.0,False,False,False,False
970254.0,12,63.0,5.0,9.0,False,False,False,False
970258.0,1,11.0,1.0,1.0,False,False,True,True
970484.0,7,14.0,5.0,7.0,False,False,False,False
970486.0,6,14.0,2.0,6.0,False,False,False,False
971100.0,3,13.0,0.0,0.0,False,False,True,True
971102.0,76,338.0,0.0,0.0,True,False,True,True
971354.0,6,42.0,0.0,0.0,False,False,True,True
972408.0,6,22.5,2.0,6.0,False,False,False,False
972410.0,77,374.5,37.0,77.0,True,False,False,True
972412.0,61,210.0,25.0,60.0,True,False,False,True
972460.0,51,88.57142857142857,28.0,50.0,False,False,False,False
973120.0,3,10.0,2.0,3.0,False,False,False,False
973286.0,2,88.0,0.0,0.0,False,False,True,True
